{"count":1,"self":76.5508608,"total":78.422012999999993,"children":{"InitializeActuators":{"count":1,"self":0.00099739999999999985,"total":0.00099739999999999985,"children":null},"InitializeSensors":{"count":1,"self":0.0009973,"total":0.0009973,"children":null},"AgentSendState":{"count":3624,"self":0.0456484,"total":0.1047299,"children":{"CollectObservations":{"count":3624,"self":0.026426099999999998,"total":0.026426099999999998,"children":null},"WriteActionMask":{"count":3624,"self":0.00099739999999999985,"total":0.00099739999999999985,"children":null},"RequestDecision":{"count":3624,"self":0.031658,"total":0.031658,"children":null}}},"DecideAction":{"count":3624,"self":1.68069,"total":1.6806899,"children":null},"AgentAct":{"count":3624,"self":0.082737999999999992,"total":0.082737999999999992,"children":null}},"gauges":{"Chase.CumulativeReward":{"count":51,"max":99.9989,"min":-10.1259508,"runningAverage":89.0848846,"value":99.85877,"weightedAverage":88.40112}},"metadata":{"timer_format_version":"0.1.0","start_time_seconds":"1734286810","unity_version":"6000.0.27f1","command_line_arguments":"D:\\Programs\\Unity Editors\\6000.0.27f1\\Editor\\Unity.exe -projectpath D:\\Practice\\SentisInfrence -useHub -hubIPC -cloudEnvironment production","communication_protocol_version":"1.5.0","com.unity.ml-agents_version":"3.0.0","scene_name":"Chase","end_time_seconds":"1734286888"}}